NAME,USER,IMAGE,STARED,WATCHED,DOWNLOADS
Mi Band 6,vic2net,/storage/mi-band-6/img/1685791015_26a97360b1.gif,5,1071,201
Mi Band 6,vic2net,/storage/mi-band-6/img/1685757628_bc4d1edca4.gif,1,676,32
Mi Band 6,SanyaClaus,/storage/mi-band-6/img/1685539387_f1e8c9d786.gif,3,1014,176
Mi Band 6,ivanssg,/storage/mi-band-6/img/1685334887_9985bae423.gif,0,822,23
Mi Band 6,ivanssg,/storage/mi-band-6/img/1685334438_18cde62c94.gif,0,795,21
Mi Band 6,ivanssg,/storage/mi-band-6/img/1685334167_7a8253fd4c.gif,0,737,6
Mi Band 6,ivanssg,/storage/mi-band-6/img/1685333653_980847ec13.gif,0,728,6
Mi Band 6,itaketapps,/storage/mi-band-6/img/1685302804_08b7ba2be9.gif,11,1095,178
Mi Band 6,ivanssg,/storage/mi-band-6/img/1685169288_bc46aebe95.gif,1,791,8
Mi Band 6,ivanssg,/storage/mi-band-6/img/1685169193_42fc6e46cd.gif,0,770,5
Mi Band 6,ivanssg,/storage/mi-band-6/img/1685169088_579833f0f2.gif,1,766,5
Mi Band 6,ivanssg,/storage/mi-band-6/img/1685168962_43fa1073a1.gif,0,771,3
Mi Band 6,kvdkvd,/storage/mi-band-6/img/1685016555_bf5568c66c.gif,14,1459,346
Mi Band 6,itaketapps,/storage/mi-band-6/img/1684608287_e72303f91c.gif,7,1204,123
Mi Band 6,aynal,/storage/mi-band-6/img/1684057455_d2bdb8dfb8.png,1,1268,32
Mi Band 6,kvdkvd,/storage/mi-band-6/img/1683816459_757abfe32e.gif,7,1728,187
